1	001	月日は百代の過客にしてゆきかふ年も又旅人なり	
1	002	舟の上に生涯をうかべ馬の口とらへて老をむかふるものは日日旅にして旅をすみかとす	M001,0:1,VEHICLE,舟
1	003	古人も多く旅に死せるあり	
1	004	予もいづれの年よりか片雲の風にさそはれて漂泊の思ひやまず海濱にさすらへ去年の秋江上の破屋に蜘のふるすを拂ひてやや年もくれ春立る霞の空に白川の關越んとそぞろ神の物につきて心をくるはせ道祖神のまねきにあひて取物手につかず	M002,28:30,LOC_NOM,海濱;M003,39:44,FAC_NOM,江上の破屋;M004,67:71,FAC_NAME,白川の關
1	005	ももひきの破れをつづり笠の緖付かへて三里に灸すゆるより松島の月先心にかかりて住る方は人にゆづり杉風が別墅に移るに	M005,27:29,LOC_NAME,松島;M006,38:41,FAC_NOM,住る方;M007,47:52,UNCERTAIN,杉風が別墅
1	006	草の戶も住かはる世はひなの家	M008,0:3,UNCERTAIN,草の戶;M009,10:14,FAC_NOM,ひなの家
1	007	おもて八句を庵の柱にかけおき	M010,6:7,FAC_NOM,庵
2	001	彌生も末の七日明ぼのの空朧朧として月は有明にて光おさまれる物から不二の峰幽にみへて上野谷中の花の梢又いつかはと心ぼそし	M001,32:36,LOC_NAME,不二の峰;M002,41:43,LOC_NAME,上野;M003,43:45,LOC_NAME,谷中
2	002	むつまじきかぎりは宵よりつどひて舟にのりて送る	M004,16:17,VEHICLE,舟
2	003	千住といふ所にて舟をあがれは前途三千里のおもひ胸にふさがりて幻の巷に離別の泪をそそぐ	M005,0:6,LOC_NAME,千住といふ所;M006,8:9,VEHICLE,舟;M007,30:33,UNCERTAIN,幻の巷
2	004	行春や鳥は啼き魚の目は泪	
2	005	是を矢立の初めとして行道猶すすまず	
2	006	人人は途中に立並びて後影の見ゆる迄はと見送るなるべし	
3	001	ことし元禄にとせにや奧羽長途の行脚ただかりそめに思立ちて吳天に白髮の恨を重ぬといへども耳にふれてはいまだ目にみぬさかひ若生きてかへらばと定めなきたのみの末をかけ其日漸く早加といふ宿にたどり着にけり	M001,10:12,LOC_NAME,奧羽;M002,28:30,UNCERTAIN,吳天;M003,56:59,UNCERTAIN,さかひ;M004,84:90,LOC_NAME,早加といふ宿
3	002	瘦骨の肩にかかれる物先くるしむ	
3	003	ただ身すがらにと出立侍るを紙子一重は夜のふせぎゆかた雨具墨筆のたぐひあるはさりがたき餞などしたるはさすがに打捨がたくて路次のはづらひとなれるこそわりなけれ	
4	001	室の八島に詣す	M001,0:4,FAC_NAME,室の八島
4	002	同行曾良が云	
4	003	此神はこの花さくやひめの神と申て富士一躰なり	M002,16:18,UNCERTAIN,富士
4	004	無戶室に入て燒給ふちかひのみ中に火火出見の尊生れ給ひしより室の八島と申す	M003,0:3,UNCERTAIN,無戶室;M004,29:33,FAC_NAME,室の八島
4	005	又けぶりをよみ習し侍るもこの謂也	
4	006	はたこのしろといふ魚を禁ず	
4	007	緣記の旨世につたふ事も侍るなり	
5	001	三十日日光山の麓に泊る	M001,3:8,LOC_NAME,日光山の麓
5	002	あるじの云けるやう	
5	003	我名を佛五左衞門といふ	
5	004	萬正直を旨とする故に人かくは申侍るまま一夜の草の枕もうちとけて休み給へ	
5	005	と云ふ	
5	006	いかなる佛の濁世塵土に示現してかかる桑門の乞食順禮ごとき人をたすけ給ふにやと主のなすことに心をとめてみるにただ無智無分別にして正直偏固のものなり	M002,6:10,UNCERTAIN,濁世塵土
5	007	剛毅木訥の仁に近きたぐひ氣稟の淸質尤尊ぶべし	
6	001	卯月朔日御山に詣拜す	M001,4:6,LOC_NOM,御山
6	002	徃昔此御山を二荒山とかきしを空海大師開基の時日光と改給ふ千歲未來をさとり給ふにや今此御光一天にかがやきて恩澤八荒にあふれ國民安堵の栖穩かなり	M002,2:5,UNCERTAIN,此御山;M003,6:9,LOC_NAME,二荒山;M004,22:24,LOC_NAME,日光
6	003	猶憚多くて筆をさし置ぬ	
6	004	あらたふと靑葉若葉の日の光	
7	001	黑髮山はかすみかかりて雪いまだ白し	M001,0:3,LOC_NAME,黑髮山
7	002	剃すててくろかみ山に衣かへ	M002,4:9,UNCERTAIN,くろかみ山
7	003	曾良	
7	004	曾良は河合氏にして惣五郞と云り	
7	005	芭蕉の下葉に軒をならべて予か薪水の勞をたすく	M003,0:5,UNCERTAIN,芭蕉の下葉
7	006	このたび松島象潟の眺めともにせん事を悅びかつは羈旅の難をいたはらんとたびだつ曉髮を剃て墨染にさまをかへ改て惣五を宗悟とす	M004,4:6,LOC_NAME,松島;M005,6:8,LOC_NAME,象潟
7	007	よりて黑髮山の句有り	M006,3:6,LOC_NAME,黑髮山
7	008	衣かへの二字力ありて聞ゆ	
7	009	廿餘町山を登て瀧あり	M007,3:4,LOC_NOM,山;M008,7:8,LOC_NOM,瀧
7	010	岩洞の頂より飛流して百尺千巖の碧潭におちたり	M009,0:4,LOC_NOM,岩洞の頂
7	011	岩窟に身をひそめて瀧のうらよりみれはうらみの瀧と申傳へ侍る也	M010,0:2,FAC_NOM,岩窟;M011,9:10,LOC_NOM,瀧;M012,18:23,LOC_NAME,うらみの瀧
7	012	しばらくは瀧に籠るや夏の初	M013,5:6,LOC_NOM,瀧
8	001	那須の黑羽といふ所にしる人あればこれより野越にかかりて直路を行んとす	M001,0:2,LOC_NAME,那須;M002,3:9,LOC_NAME,黑羽といふ所;M003,16:18,DEICTIC,これ;M004,27:29,LINE_NOM,直路
8	002	遙かに一村を見かけて行に雨ふり日くるる	M005,3:5,LOC_NOM,一村
8	003	農夫の家に一夜をかりて明れば又野中を行	M006,0:4,FAC_NOM,農夫の家;M007,15:17,LOC_NOM,野中
8	004	そこに野飼の馬あり	
8	005	艸刈おのこに歎きよれば野夫といへどもさすがに情しらぬにはあらず	
8	006	いかがすべきや	
8	007	されども此野は縱橫にわかれてうゐうゐ敷旅人の道ふみたがへんあやしう侍れは此馬のとどまる所にて馬をかへし給へ	M008,4:6,UNCERTAIN,此野;M009,22:23,UNCERTAIN,道;M010,36:38,UNCERTAIN,此馬;M011,46:47,VEHICLE,馬
8	008	とかし侍りぬ	
8	009	ちひさきものふたり馬の跡をしたひてはしる	M012,9:10,VEHICLE,馬
8	010	獨は小姬にて名をかさねと云	
8	011	聞なれぬ名のやさしかりければ	
8	012	かさねとは八重撫子の名なるべし	
8	013	やがて人里に至ればあたひを鞍壺に結付て馬をかへしぬ	M013,3:5,LOC_NOM,人里;M014,19:20,VEHICLE,馬
9	001	くろはねの舘代淨坊寺何某の方に音づる	M001,0:4,LOC_NAME,くろはね;M002,7:10,FAC_NAME,淨坊寺
9	002	思ひかけぬ主の悅び日夜語づづけて其弟桃翠などいふが朝夕勤とぶらひ自の家にも伴ひて親屬の方にも招かれ日をふるままにひとひ郊外に逍遙して犬追物の跡を一見し那須の篠原を分て玉藻の前の古墳をとふ	M003,32:35,FAC_NOM,自の家;M004,40:44,FAC_NOM,親屬の方;M005,59:61,UNCERTAIN,郊外;M006,75:80,LOC_NAME,那須の篠原;M007,83:90,UNCERTAIN,玉藻の前の古墳
9	003	それより八幡宮に詣づ	M008,4:7,FAC_NAME,八幡宮
9	004	與市扇の的を射し時別しては我國氏神正八幡とちかひしも此神社にて侍	M009,13:15,UNCERTAIN,我國;M010,26:29,UNCERTAIN,此神社
9	005	と聞ば感應殊にしきりに覺らる	
9	006	くるれば桃翠が家にかへる	M011,4:8,FAC_NOM,桃翠が家
9	007	修驗光明寺と云有り	M012,2:5,FAC_NAME,光明寺
9	008	そこにまねかれて行者堂を拜す	M013,8:11,FAC_NAME,行者堂
9	009	夏山に足駄を拜む首途かな	M014,0:2,LOC_NOM,夏山
10	001	當國雲岸寺のおくに佛頂和尙山居の跡あり	M001,0:2,LOC_NOM,當國;M002,2:5,FAC_NAME,雲岸寺;M003,9:17,UNCERTAIN,佛頂和尙山居の跡
10	002	たてよこの五尺にたらぬ草の庵むすぶもくやし雨なかりせば	M004,11:14,FAC_NOM,草の庵
10	003	と松の炭して岩にかきつけ侍り	M005,6:7,UNCERTAIN,岩
10	004	と聞へ給ふ	
10	005	其跡見んと雲岸寺に杖をひけば人にすすんでともにいざなひ若き人多く道の程うちさわぎて覺へずかの麓に至る	M006,0:2,UNCERTAIN,其跡;M007,5:8,FAC_NAME,雲岸寺;M008,44:47,UNCERTAIN,かの麓
10	006	山はおくあるけしきにて谷道遙に松杉黑く苔したたりて卯月の天今猶寒し	M009,0:1,LOC_NOM,山;M010,11:13,UNCERTAIN,谷道
10	007	十景つくる所橋を渡て山門に入る	M011,0:6,LOC_NOM,十景つくる所;M012,6:7,LINE_NOM,橋;M013,10:12,FAC_NOM,山門
10	008	扨かのあとはいづくの程にやと後の山によぢのぼれは石上の小庵岩窟にむすびかけたり	M014,1:5,UNCERTAIN,かのあと;M015,16:17,LOC_NOM,山;M016,24:29,FAC_NOM,石上の小庵;M017,29:31,UNCERTAIN,岩窟
10	009	妙禪師の死關法雲法師の石室を見るが如し	M018,6:13,UNCERTAIN,法雲法師の石室
10	010	木啄も庵はやぶらす夏木立	M019,3:4,FAC_NOM,庵
10	011	と取あへぬ一句を柱に殘し侍し	
11	001	是より殺生石に行く	M001,0:1,DEICTIC,是;M002,3:6,FAC_NAME,殺生石
11	002	舘代より馬にて送らる	M003,4:5,VEHICLE,馬
11	003	此口付のおとこ	
11	004	短尺得させよ	
11	005	と乞ふ	
11	006	やさしき事を望み侍るものかな	
11	007	と	
11	008	野を橫に馬引むけよ郭公	M004,0:1,LOC_NOM,野;M005,4:5,VEHICLE,馬
11	009	殺生石は溫泉の出る山陰にあり	M006,0:3,FAC_NAME,殺生石;M007,9:11,UNCERTAIN,山陰
11	010	石の毒氣いまだほろびず蜂蝶のたぐひ眞砂の色の見えぬほどかさなり死す	
11	011	亦淸水ながるるの柳は蘆野の里に有て田の畔にのこす	M008,10:14,LOC_NAME,蘆野の里;M009,17:20,LOC_NOM,田の畔
11	012	此所の郡守戶部某の	M010,0:2,UNCERTAIN,此所
11	013	此柳みせばや	
11	014	など折折にの給ひ聞へ給ふを	
11	015	いづくの程にや	
11	016	と思ひしを今日此柳のかげにこそ立より侍りけれ	
11	017	田一枚うへて立さる柳かな	
12	001	心もとなき日數かさなるままに白川のせきにかかりて旅心定りぬ	M001,14:19,LOC_NAME,白川のせき
12	002	いかで都へ	M002,3:4,LOC_NOM,都
12	003	と便り求めしもことわりや	
12	004	中にも此關は三關の一にして風騷の人心をととむ	M003,3:5,UNCERTAIN,此關;M004,6:8,FAC_NOM,三關
12	005	秋風を耳にのこし紅葉を俤にして靑葉の梢猶哀なり	
12	006	卯花の白妙に茨の花の咲そひて雪にもこゆる心地ぞする	
12	007	古人冠を正し衣裝を改めし事など淸輔の筆にとどめ置れしとぞ	
12	008	卯花をかざしに關の晴着哉	M005,7:8,FAC_NOM,關
12	009	曾良	
13	001	とかくして越行くままにあふくま川をわたる	M001,11:16,LINE_NAME,あふくま川
13	002	左に會津根高く右に岩城相馬三春の庄ひたち下野の地をさかひて山つらなる	M002,2:5,LOC_NAME,會津根;M003,9:11,LOC_NAME,岩城;M004,11:13,LOC_NAME,相馬;M005,13:15,LOC_NAME,三春;M006,16:17,UNCERTAIN,庄;M007,17:20,LOC_NAME,ひたち;M008,20:22,LOC_NAME,下野;M009,23:24,UNCERTAIN,地;M010,29:30,LOC_NOM,山
13	003	かげ沼といふ所を行にけふは空くもりて影うつらず	M011,0:7,LOC_NAME,かげ沼といふ所
13	004	すか川の驛に等窮といふものを尋て四五日とどめらる	M012,0:5,FAC_NAME,すか川の驛
13	005	先	
13	006	白河のせきいかに越つるや	M013,0:5,LOC_NAME,白河のせき
13	007	と問ふ	
13	008	長途の勞身心くるしく風景に魂うばはれ懷舊に腸を斷てはかばかしうおもひめぐらさず	
13	009	風流のはじめやおくの田植うた	M014,7:9,LOC_NAME,おく
13	010	無下に越えんもさすがに	
13	011	と語れは脇第三とつづけて三卷となしぬ	
13	012	此宿の傍に大なる栗の木蔭をたのみて世をいとふ僧あり	M015,0:2,UNCERTAIN,此宿;M016,17:18,UNCERTAIN,世
13	013	とちひろふ深山もかくやと閒に覺えられてものにかきつけ侍る	M017,5:7,LOC_NOM,深山
13	014	栗といふ文字は西の木とかきて西方淨土に便ありと行基ぼさつ一生杖にもはしらにも此木を用ひ給ふとかや	M018,14:18,UNCERTAIN,西方淨土
13	015	世の人のみつけぬ花や軒の栗	
14	001	等窮が宅を出て五里ばかりの檜皮の宿をはなれて淺香山有り	M001,0:4,UNCERTAIN,等窮が宅;M002,13:17,LOC_NAME,檜皮の宿;M003,22:25,LOC_NAME,淺香山
14	002	路より近し	M004,0:1,LINE_NOM,路
14	003	此あたり沼多し	M005,0:4,UNCERTAIN,此あたり;M006,4:5,LOC_NOM,沼
14	004	かつみ刈るころもやや近うなれば	
14	005	いづれの草をはなかつみとはいふぞ	
14	006	と人人にたつね侍れども更にしる人なし	
14	007	沼をたづね人にとひかつみかつみと尋ねありきて日は山のはにかかりぬ	M007,0:1,LOC_NOM,沼;M008,24:27,UNCERTAIN,山のは
14	008	二本松より右にきれて黑塚の窟一見し福島にやどる	M009,0:3,FAC_NAME,二本松;M010,10:14,FAC_NOM,黑塚の窟;M011,17:19,LOC_NAME,福島
15	001	明れはしのぶもぢ摺の石をたづねて忍の里に行く	M001,3:11,FAC_NOM,しのぶもぢ摺の石;M002,16:19,LOC_NAME,忍の里
15	002	遙山陰の小里に石なかば土に埋れてあり	M003,4:6,LOC_NOM,小里;M004,7:8,FAC_NOM,石
15	003	里のわらべの來て敎へける	M005,0:1,LOC_NOM,里
15	004	むかしは此山の上に侍りしを往來の人の麥艸をあらして此石を試み侍るをにくみて此谷につき落せば石の面下さまにふしたり	M006,4:8,UNCERTAIN,此山の上;M007,25:27,UNCERTAIN,此石;M008,37:39,UNCERTAIN,此谷;M009,45:46,UNCERTAIN,石
15	005	さもあるべき事にや	
15	006	早苗とる手もとや昔忍ぶずり	
16	001	月の輪の渡しを越て瀨の上といふ宿に出づ	M001,0:6,LOC_NAME,月の輪の渡し;M002,9:16,LOC_NAME,瀨の上といふ宿
16	002	佐藤庄司が舊蹟は左の山ぎは一里半ばかりに有	M003,0:7,UNCERTAIN,佐藤庄司が舊蹟
16	003	飯塚の里鯖野	M004,0:6,LOC_NAME,飯塚の里鯖野
16	004	と聞て尋ね尋ね行くに丸山といふに大手の跡など尋ねあたる	M005,10:12,LOC_NAME,丸山;M006,16:20,LOC_NOM,大手の跡
16	005	是庄司が舊舘なり	M007,0:1,DEICTIC,是;M008,1:6,UNCERTAIN,庄司が舊舘
16	006	人のおしゆるに任せて泪をおとし又かたはらの古寺に一家の碑を殘す	M009,16:23,FAC_NOM,かたはらの古寺;M010,24:28,UNCERTAIN,一家の碑
16	007	中にも二人が嫁のしるし先哀なり	M011,3:11,UNCERTAIN,二人が嫁のしるし
16	008	女なれどもかひがひしき名の世に聞へつるものかな	
16	009	墮淚の石碑も遠きにあらず	M012,0:5,UNCERTAIN,墮淚の石碑
16	010	寺に入て茶を乞へばここに義經の太刀辨慶が笈をとどめて什物とす	M013,0:1,FAC_NOM,寺;M014,9:11,DEICTIC,ここ
16	011	笈も太刀も五月にかされ紙幟	
16	012	五月五日の事なり	
17	001	其夜飯塚にやとる	M001,2:4,LOC_NAME,飯塚
17	002	溫泉あれば湯に入て宿をかるに土座に莚を敷てあやしき貧家なり	M002,0:2,FAC_NOM,溫泉;M003,9:10,UNCERTAIN,宿;M004,25:27,FAC_NOM,貧家
17	003	灯もなければゐろりの火かげに寢所をまうけて臥	
17	004	夜に入て雷鳴り雨しきりに降て臥せる上より雨もり蚤蚊にさされて眠らず	
17	005	持病さへおこりて消入ばかりになん	
17	006	短夜の空も漸漸明れば又旅立ぬ	
17	007	猶夜の名殘こころすすまず	
17	008	馬をかり桑折の驛に出る	M005,0:1,VEHICLE,馬;M006,4:8,FAC_NAME,桑折の驛
17	009	遙なる行末をかかへてかかる病ひ覺束なしといへど羇旅邊土の行脚捨身無常の觀念道路に死なん是天命なりと氣力聊とり直し路縱橫にふんで伊達の大木戶を越す	M007,25:27,UNCERTAIN,邊土;M008,37:39,UNCERTAIN,道路;M009,56:57,LINE_NOM,路;M010,63:69,LOC_NAME,伊達の大木戶
18	001	鐙摺白石の城を過笠島の郡に入れば	M001,0:2,LINE_NAME,鐙摺;M002,2:6,LOC_NAME,白石の城;M003,8:12,LOC_NAME,笠島の郡
18	002	藤中將實方のつかはいづくの程ならん	M004,0:8,UNCERTAIN,藤中將實方のつか
18	003	と人にとへば	
18	004	これよりはるか右に見ゆる山ぎはの里をみのは笠島といふ道祖神の社かたみの薄今にあり	M005,0:2,DEICTIC,これ;M006,12:17,LOC_NOM,山ぎはの里;M007,18:21,LOC_NAME,みのは;M008,21:23,LOC_NAME,笠島;M009,26:31,FAC_NOM,道祖神の社
18	005	とおしゆ	
18	006	このごろのさみだれに道いと惡しく身つかれ侍れはよそながら眺めやりて過ぐる蓑輪かさしまもさみだれの折にふれたりと	
18	007	笠島はいづこさ月のぬかり道	M010,0:2,LOC_NAME,笠島
19	001	岩沼にやどる	M001,0:2,LOC_NAME,岩沼
19	002	武隈の松にこそ目さむる心地すれ	M002,0:2,LOC_NAME,武隈
19	003	根は土際より二木にわかれて昔のすがたうしなはずとしらる	
19	004	先能因法しおもひ出	
19	005	往昔陸奧守にて下りし人此木を伐て名とり川の橋杭にせられたるなどあればにや	M003,2:4,LOC_NAME,陸奧;M004,16:20,LINE_NAME,名とり川
19	006	松は此たび跡もなし	
19	007	とは詠みたり	
19	008	代代あるは伐りあるひは植づきなどせしと聞くに今はた千歲のかたちととのほひてめでたき松のけしきになん侍し	
19	009	武隈の松みせ申せ遲さくら	M005,0:2,LOC_NAME,武隈
19	010	擧白とせんべちしたりければ	
19	011	櫻より松は二木を三月こし	
20	001	名取川渡りて仙台に入る	M001,0:3,LINE_NAME,名取川;M002,6:8,LOC_NAME,仙台
20	002	あやめふく日也	
20	003	旅宿を求めて四五日逗留す	M003,0:2,UNCERTAIN,旅宿
20	004	ここに畫工加右衞門といふものあり聊心あるものと聞て知る人に成る	
20	005	此者	
20	006	年頃さだかならぬ名跡を考置き侍れば	M004,0:10,FAC_NOM,年頃さだかならぬ名跡
20	007	とて一日案內す	
20	008	みやぎ野のはぎしげりあひて秋のけしきおもひやらるる	M005,0:4,LOC_NAME,みやぎ野
20	009	玉田橫野のつつじか岡はあせびさく頃なり	M006,0:2,LOC_NAME,玉田;M007,2:4,LOC_NAME,橫野;M008,5:10,LOC_NAME,つつじか岡
20	010	日影ももらぬ松の林に入て	M009,6:9,LOC_NOM,松の林
20	011	ここを木の下といふ	M010,0:2,DEICTIC,ここ;M011,3:6,LOC_NAME,木の下
20	012	とぞ	
20	013	むかしもかく露深けれはこそ	
20	014	みさふらひみかさ	
20	015	とはよみたれ	
20	016	藥師堂天神のみやしろなど拜みてその日はくれぬ	M012,0:3,FAC_NOM,藥師堂;M013,3:10,FAC_NOM,天神のみやしろ
20	017	猶松島鹽がまの所所畫にかきて送る	M014,1:3,LOC_NAME,松島;M015,3:6,LOC_NAME,鹽がま;M016,7:9,UNCERTAIN,所所
20	018	かつ紺のそめ緖つけたるわらづ一足餞す	
20	019	さればこそ風流のしれものここにいたりてその實をあらはす	
20	020	あやめ草足に結ばん草鞋の緖	
20	021	かの畫づに任せてたどり行けばおくの細道の山際にとふの菅あり	M017,14:19,LINE_NAME,おくの細道
20	022	今も年年十符のすげごもを調へて國守に獻ずといへり	
21	001	壺碑	M001,0:2,FAC_NAME,壺碑
21	002	市川村多賀城	M002,0:6,LOC_NAME,市川村多賀城
21	003	つぼのいしぶみは高六尺餘橫三尺ばかりか	M003,0:7,FAC_NAME,つぼのいしぶみ
21	004	苔をうがちて文字幽也	
21	005	四維國界の數里をしるす	
21	006	御城神龜元年按察使鎭守府將軍大野朝臣東人之所里也	M004,0:2,FAC_NOM,御城
21	007	天平寶字六年參議東海東山節度使同將軍惠美朝臣獦修造而十二月朔日	
21	008	と有り	
21	009	聖武皇帝の御時にあたれり	
21	010	むかしよりよみ置るうた枕多く語りつたふといへども山崩れ川流て道改り石は埋りて土にかくれ木は老て若木にかはれば時うつり代變じて其跡たしかならぬ事のみをここに至て疑なき千歲の記念今眼前に古人の心を閱す	M005,24:25,LOC_NOM,山;M006,27:28,LINE_NOM,川;M007,30:31,LINE_NOM,道;M008,63:64,UNCERTAIN,跡;M009,74:76,DEICTIC,ここ
21	011	行脚の一德存命の悅び羇旅の勞れをわすれてなみだもおつるばかり也	
22	001	それより野田の玉川冲の石をたづぬ	M001,4:9,LINE_NAME,野田の玉川;M002,9:12,FAC_NOM,冲の石
22	002	末の松山は寺を造てすゑの松山といふ	M003,0:4,LOC_NAME,末の松山;M004,5:6,FAC_NOM,寺;M005,9:14,LOC_NAME,すゑの松山
22	003	あひあひみな墓原にて羽をかはし枝を連るちぎりの末も終はかくのみと悲しさもまさりて鹽がまのうらに入相のかねを聞く	M006,6:8,LOC_NOM,墓原;M007,40:46,LOC_NAME,鹽がまのうら
22	004	五月雨の空聊晴れて夕月夜かすかにまがきが島もほど近し	M008,16:21,LOC_NAME,まがきが島
22	005	蜑の小舟こぎつれて肴わかつ聲聲に	M009,0:4,VEHICLE,蜑の小舟
22	006	つなでかなしも	
22	007	とよみけん心もしられていと哀也	
22	008	その夜盲法師の琵琶をならしておく上るりといふ物をかたる	
22	009	平家にもあらず舞にもあらず鄙びたる調子うちあげて枕近うかしましけれど流石に邊土の遺風忘れざるものから殊勝に覺えらる	M010,37:39,LOC_NOM,邊土
23	001	早朝鹽釜明神に詣づ	M001,2:6,FAC_NAME,鹽釜明神
23	002	國守再興せられて宮ばしらふとしく彩椽きらびやかに石の階九仭にかさなり朝日朱の玉垣を輝かす	
23	003	かかる道のはて塵土の境まで神靈あらたにましますこそ吾國の風俗なれといと貴けれ	M002,0:7,LOC_NOM,かかる道のはて;M003,7:11,LOC_NOM,塵土の境;M004,25:27,LOC_NOM,吾國
23	004	神前に寶塔有	M005,0:2,LOC_NOM,神前
23	005	かねの戶びら面に	
23	006	文治三年和泉三郞寄進	
23	007	と有り	
23	008	五百年來の俤今目のまへにうかびてそぞろに珍し	
23	009	かれは勇義忠孝の士也	
23	010	佳命今にいたりてしたはずといふ事なし	
23	011	誠	
23	012	人能道をつとめ義を守べし	
23	013	名も又是にしたがふ	
23	014	といへり	
23	015	日既に午に近し	
23	016	舟をかりて松島に渡る	M006,0:1,VEHICLE,舟;M007,5:7,LOC_NAME,松島
23	017	其間二里餘雄じまの礒につく	M008,5:10,LOC_NAME,雄じまの礒
24	001	抑事ふりにたれど松島は扶桑第一の好風にして凡洞庭西湖をはぢず	M001,8:10,LOC_NAME,松島;M002,11:13,LOC_NAME,扶桑;M003,22:24,LOC_NAME,洞庭;M004,24:26,LOC_NAME,西湖
24	002	東南より海入て江の中三里浙江の潮をたたゆ	M005,4:5,LOC_NOM,海;M006,12:14,LOC_NAME,浙江
24	003	島島の數を盡して欹ものは天を指ふすものは波に匍匐	M007,0:2,LOC_NOM,島島
24	004	あるは二重にかさなり三重にたたみて左にわかれ右に連る	
24	005	負るあり抱あり兒孫を愛するがごとし	
24	006	松のみどり濃に枝葉汐風に吹たはめて屈曲をのづからためたるがごとし	
24	007	其けしき窅然として美人の顏を粧	
24	008	ちはやぶる神の昔大やまずみのなせるわざにや	
24	009	造化の天工いづれの人か筆を揮ひ詞をつくさん	
25	001	雄島がいそは地つづきて海に出たる島也	M001,0:5,LOC_NAME,雄島がいそ;M002,11:12,LOC_NOM,海;M003,16:17,LOC_NOM,島
25	002	雲居禪師の別室の跡坐禪の石など有り	M004,0:9,UNCERTAIN,雲居禪師の別室の跡
25	003	はた松の木陰に世をいとふ人もまれまれ見へ侍りて落穗松笠などうち烟たる艸の庵しづかにすみなしいかなる人ともしられずながら先懷敷立寄るほどに月海にうつりて晝のながめ又改む	M005,34:37,FAC_NOM,艸の庵;M006,69:70,LOC_NOM,海
25	004	江上にかへりて宿を求れば窓をひらき二階をつくりて風雲の中に旅寢するこそあやしき迄妙なる心地はせらるれ	M007,0:2,LOC_NOM,江上;M008,7:8,UNCERTAIN,宿
25	005	松島や露に身をかれ時鳥	M009,0:2,LOC_NAME,松島
25	006	曾良	
25	007	予は口を閉て眠らんとしてねられず	
25	008	舊庵をわかるる時素堂松島の詩有	M010,0:2,FAC_NOM,舊庵;M011,10:12,LOC_NAME,松島
25	009	原安適松がうら島の和歌を送らる	M012,3:8,LOC_NAME,松がうら島
25	010	袋をといてこよひの友とす	
25	011	且杉風濁子が發句あり	
26	001	十一日端岩寺に詣	M001,3:6,FAC_NAME,端岩寺
26	002	當寺三十二世のむかし眞壁の平四郞出家して入唐歸朝の後開山す	M002,0:2,FAC_NOM,當寺
26	003	雲居禪師の德化によりて七堂いらか改りて金壁壯嚴光かがやき佛土成就の大伽藍とはなれりける	M003,11:13,FAC_NOM,七堂
26	004	彼見佛聖の寺はいづくにやと慕はる	M004,0:6,UNCERTAIN,彼見佛聖の寺
27	001	十二日平泉と心さしあねはのまつ緖だへの橋など聞傳へて人跡まれに雉兎蒭蕘の行かふ道そこともわかず終に道ふみたがへて石の卷といふ湊に出づ	M001,3:5,LOC_NAME,平泉;M002,9:15,FAC_NAME,あねはのまつ;M003,15:20,LINE_NAME,緖だへの橋;M004,31:40,LINE_NOM,雉兎蒭蕘の行かふ道;M005,49:50,LINE_NOM,道;M006,56:63,LOC_NAME,石の卷といふ湊
27	002	こがね花さく	
27	003	とよみて奉たる金花山海上に見渡し數百の廻船入江につたひ人家地を爭てかまどのけふり立つづけたり	M007,7:10,LOC_NAME,金花山;M008,10:12,LOC_NOM,海上;M009,19:21,VEHICLE,廻船;M010,21:23,LOC_NOM,入江
27	004	思ひがけず斯る所にも來れる哉と宿からんとすれどさらに宿かす人なし	M011,5:8,UNCERTAIN,斯る所;M012,15:16,UNCERTAIN,宿;M013,26:27,UNCERTAIN,宿
27	005	漸くまどしき小家に一夜をあかして明れば又しらぬ道まどひ行く	M014,2:8,FAC_NOM,まどしき小家;M015,20:24,LINE_NOM,しらぬ道
27	006	袖のわたり尾ぶちの牧まののかや原などよそめに見て遙なる堤を行く	M016,0:5,LOC_NAME,袖のわたり;M017,5:10,LOC_NAME,尾ぶちの牧;M018,10:16,LOC_NAME,まののかや原;M019,24:28,LOC_NOM,遙なる堤
27	007	心ぼそき長沼にそふて戶伊麻といふ所に一宿して平泉に至る	M020,4:6,LOC_NOM,長沼;M021,10:17,LOC_NAME,戶伊麻といふ所;M022,22:24,LOC_NAME,平泉
27	008	その間廿余里ほどど覺ゆ	
28	001	三代の榮耀一睦のうちにして大門のあとは一里こなたに有り	M001,13:18,FAC_NAME,大門のあと
28	002	ひでひらが跡は田野に成て金鷄山のみ形を殘す	M002,0:6,UNCERTAIN,ひでひらが跡;M003,7:9,LOC_NOM,田野;M004,12:15,LOC_NAME,金鷄山
28	003	先たかだちにのぼれば北上川南部より流るる大河也	M005,1:5,LOC_NAME,たかだち;M006,10:13,LINE_NAME,北上川;M007,13:22,LINE_NOM,南部より流るる大河
28	004	衣河は和泉が城をめぐりて高舘の下にて大河に落入る	M008,0:2,LINE_NAME,衣河;M009,3:7,FAC_NAME,和泉が城;M010,12:16,LOC_NAME,高舘の下;M011,18:20,LINE_NOM,大河
28	005	康衡等が舊跡は衣が關を停て南部口をさしかため痍をふせぐと見へたり	M012,0:6,UNCERTAIN,康衡等が舊跡;M013,7:10,LOC_NAME,衣が關;M014,13:16,LOC_NOM,南部口
28	006	偖も義心勝つて此城にこもり功名一時のくさむらとなる	M015,7:9,UNCERTAIN,此城
28	007	國破れて山河あり城春にして草靑みたりと笠うち敷て時のうつるまで泪を落し侍りぬ	M016,0:1,LOC_NOM,國;M017,4:6,LOC_NOM,山河;M018,8:9,FAC_NOM,城
28	008	夏草や兵どもが夢の跡	M019,9:10,UNCERTAIN,跡
28	009	卯花に兼房みゆる白毛哉	
28	010	曾良	
28	011	兼て耳驚したる二堂開帳す	M020,7:9,FAC_NOM,二堂
28	012	經堂は三將の像をのこし光堂は三代の棺ををさめ三尊の佛を安置す	M021,0:2,FAC_NAME,經堂;M022,11:13,FAC_NAME,光堂
28	013	七寶ちりうせて玉の扉風にやぶれ金のはしら露霜に朽て既頽廢空虛の叢と成べきを四面新に圍て甍を覆て風雨を凌ぎ暫時千歲のかたみとはなれり	
28	014	五月雨のふりのこしてや光堂	M023,11:13,FAC_NAME,光堂
29	001	南部道遙にみやりて岩手の里に泊る	M001,0:3,LINE_NOM,南部道;M002,9:13,LOC_NAME,岩手の里
29	002	小黑崎みづの小島を過てなるこの湯より尿前の關にかかりて出羽の國にこへんとす	M003,0:3,LOC_NAME,小黑崎;M004,3:8,LOC_NAME,みづの小島;M005,11:16,LOC_NAME,なるこの湯;M006,18:22,LOC_NAME,尿前の關;M007,27:31,LOC_NAME,出羽の國
29	003	此道旅人まれなる所なれば關守にあやしめられて漸として關を越す	M008,0:2,UNCERTAIN,此道;M009,26:27,LOC_NOM,關
29	004	大山をのぼつて日すでにくれければ封人の家をみかけて舍を求む	M010,0:2,LOC_NOM,大山;M011,16:20,FAC_NOM,封人の家;M012,25:26,UNCERTAIN,舍
29	005	三日風雨あれてよしなき山中に逗留す	M013,11:13,LOC_NOM,山中
29	006	のみしらみ馬の尿する枕もと	M014,5:6,VEHICLE,馬
29	007	主の云く是より出羽國に大山を隔てて道さだかならざれば道しるべの人を賴みて越べきよしを申す	M015,4:5,DEICTIC,是;M016,7:10,LOC_NAME,出羽國;M017,11:13,LOC_NOM,大山;M018,17:18,LINE_NOM,道
29	008	さらば	
29	009	と云て人を賴侍れば究竟の若者反脇差をよこたへ樫の材を携へて我らが先に立て行く	
29	010	けふこそ必危きめにも逢へき日なれ	
29	011	と辛き思ひをなして後について行く	
29	012	主のいふにたがはず高山森森として一鳥聲きかず	M019,9:11,LOC_NOM,高山
29	013	木の下やみしげりあひて夜行がごとし	
29	014	雲端に土ふる心地して篠の中ふみ分ふみ分水をわたり岩に蹶て肌につめたき汗を流して最上の庄に出づ	M020,19:20,UNCERTAIN,水;M021,39:43,LOC_NAME,最上の庄
29	015	かの案內せしおのこ云やう	
29	016	此道必不用の事あり	M022,0:2,UNCERTAIN,此道
29	017	恙なう送まいらせて仕合したり	
29	018	と悅び別れぬ	
29	019	あとに聞て申す人むねとどろくのみ也	
30	001	尾花澤にて淸風と云者をたづぬ	M001,0:3,LOC_NAME,尾花澤
30	002	かれは富める者なれ共志いやしからず	
30	003	都にも數數かよひてさすがにたびの情をも知りたれば日頃とどめて長途のいたはりさまざまにもてなし侍る	
30	004	凉しさを我宿にしてねまる也	M002,4:6,FAC_NOM,我宿
30	005	這出よかひやか下の蟾の聲	
30	006	まゆはきを俤にしてべにの花	
30	007	蠶飼する人は古代の姿かな	
30	008	曾良	
31	001	山形領に立石寺といふ山寺あり	M001,0:3,LOC_NAME,山形領;M002,4:12,FAC_NAME,立石寺といふ山寺
31	002	慈覺大師の開基にして殊に勝閑の地なり	M003,12:16,LOC_NOM,勝閑の地
31	003	一見すべきよし人人のすすむるによつて尾花澤より取てかへし其間七里許なり	M004,18:21,LOC_NAME,尾花澤
31	004	日いまだくれず	
31	005	麓の坊に宿かり置て山上の堂に登る	M005,0:3,FAC_NOM,麓の坊;M006,9:13,FAC_NOM,山上の堂
31	006	岩に巖を重て山とし松柏年ふり土石老てこけなめらかに岩上の院に扉を閉て物の音聞へず	M007,25:29,FAC_NOM,岩上の院
31	007	岸をめぐり岩を這て佛閣を拜し佳景寂寞として心すみ行のみ覺ゆ	M008,0:1,LOC_NOM,岸;M009,9:11,FAC_NOM,佛閣
31	008	閑さや岩にしみ込せみの聲	
32	001	もがみ川のらんと大石田と云所に日和を待	M001,0:4,LINE_NAME,もがみ川;M002,8:14,LOC_NAME,大石田と云所
32	002	ここに古き俳諧のたねこぼれて忘ぬ花の昔をしたひ蘆角一聲の心をやはらげ此道にさぐり足して新古二道にふみまどふといへども道しるべする人人なければ	M003,0:2,DEICTIC,ここ
32	003	とわりなき一卷をのこしぬ	
32	004	此度の風流ここにいたれり	
33	001	もがみ川はみちのくより出で山形をみなかみとす	M001,0:4,LINE_NAME,もがみ川;M002,5:9,LOC_NAME,みちのく;M003,13:15,LOC_NAME,山形
33	002	ごてん隼などいふおそろしき難所有り	M004,0:3,LOC_NAME,ごてん;M005,3:4,LOC_NAME,隼;M006,8:15,UNCERTAIN,おそろしき難所
33	003	板敷山の北を流てはては酒田の海に入る	M007,0:5,LOC_NAME,板敷山の北;M008,11:15,LOC_NAME,酒田の海
33	004	左右山覆ひしげみの中に船を下す	M009,11:12,VEHICLE,船
33	005	是にいねつみたるをやいな舟といふならし	M010,10:13,VEHICLE,いな舟
33	006	白糸の瀧は靑葉のひまひまに落て仙人堂岸に溢て立	M011,0:4,LOC_NAME,白糸の瀧;M012,15:18,FAC_NAME,仙人堂;M013,18:19,LOC_NOM,岸
33	007	水漲て舟あやぶし	M014,3:4,VEHICLE,舟
33	008	五月雨をあつめて早し最上川	M015,10:13,LINE_NAME,最上川
34	001	六月三日羽黑山にのぼる	M001,4:7,LOC_NAME,羽黑山
34	002	圖司佐吉といふものを尋て別當代會覺阿闍梨に謁す	
34	003	南谷の別院に舍して憐愍の情こまやかにあるじせらる	M002,0:5,FAC_NAME,南谷の別院
34	004	有難や雪をかほらす南谷	M003,9:11,LOC_NAME,南谷
34	005	四日本坊に於て俳諧興行	M004,2:4,LOC_NOM,本坊
34	006	五日權現に詣	M005,2:4,FAC_NOM,權現
34	007	當山開闢能除大師のいづれの代の人といふ事をしらず	M006,0:2,LOC_NOM,當山
34	008	延喜式に	
34	009	羽洲里山の神社	M007,0:7,FAC_NAME,羽洲里山の神社
34	010	とあり	
34	011	書寫黑の字を里山となせるにや	M008,6:8,LOC_NOM,里山
34	012	羽洲黒山を中略して羽黑山といふにや	M009,0:4,LOC_NAME,羽洲黒山;M010,9:12,LOC_NAME,羽黑山
34	013	出羽といへるは	M011,0:2,LOC_NAME,出羽
34	014	鳥の毛羽を此國の貢に獻る	M012,5:7,UNCERTAIN,此國
34	015	と風土記に侍るとやらん	
34	016	月山湯殿を合て三山とす	M013,0:2,LOC_NAME,月山;M014,2:4,LOC_NAME,湯殿;M015,7:9,UNCERTAIN,三山
34	017	當寺武江東叡に屬して天台止觀の月明らかに圓頓融通の法の灯かかげそひて僧坊棟をならべ修驗行法をはげまし靈山靈地の驗効人貴びかつ恐る	M016,0:2,FAC_NOM,當寺;M017,2:4,LOC_NAME,武江;M018,4:6,FAC_NAME,東叡;M019,34:36,FAC_NOM,僧坊;M020,50:54,LOC_NOM,靈山靈地
34	018	繁榮長にしてめで度御山といひつべし	M021,9:11,LOC_NOM,御山
35	001	八日月山にのぼる	M001,2:4,LOC_NAME,月山
35	002	木綿しめ身に引つけ寶冠に頭を包み强力といふ者に道びかれて雲霧山氣の中に氷雪をふんでのぼる事八里さらに日月の道の雲關に入かとあやしまれ息絕身凍へて頂上にいたれば日沒て月顯る	
35	003	笹を敷篠を枕として臥て明るを待つ	
35	004	日出で雲消ゆればゆどのに下る	M002,8:11,LOC_NAME,ゆどの
35	005	谷の坊に鍛冶小屋といふ有り	M003,0:3,FAC_NOM,谷の坊;M004,4:8,FAC_NOM,鍛冶小屋
35	006	此國のかぢ靈水を撰て潔齋して劔を打ち終に月山と銘を切て世に賞せらる	M005,0:2,UNCERTAIN,此國;M006,20:22,LOC_NAME,月山
35	007	彼龍泉に劔を淬とかや干將莫耶のむかしをしたふ道に堪能の執あさからぬ事しられたり	M007,1:3,LOC_NAME,龍泉
35	008	岩に腰をかけてしばし休らふほど三尺ばかりなる櫻のつぼみ半開けるあり	
35	009	ふりつむ雪の下に埋れて春をわすれぬ遲ざくらの花の心わりなし	
35	010	炎天の梅花ここにかほるがごとし	
35	011	行尊僧正のうたもここにおもひ出て猶まさりて覺ゆ	
35	012	すべて此山中の微細行者の法式として他言する事を禁ず	M008,3:6,UNCERTAIN,此山中
35	013	よりて筆をとどめて記さず	
35	014	坊にかへれば阿闍梨の需に依て三山順禮の句句たんざくに書く	M009,0:1,FAC_NOM,坊;M010,14:16,UNCERTAIN,三山
35	015	凉しさやほのみか月の羽黑山	M011,10:13,LOC_NAME,羽黑山
35	016	雲のみね幾つくづれて月の山	M012,10:13,LOC_NAME,月の山
35	017	語られぬ湯殿にぬらす袂哉	M013,4:6,LOC_NAME,湯殿
35	018	湯どの山錢ふむ道の泪哉	M014,0:4,LOC_NAME,湯どの山
35	019	曾良	
36	001	羽黑を立て鶴か岡の城下長山氏重行といふものの家にむかへられて俳諧一卷あり	M001,0:2,LOC_NAME,羽黑;M002,5:11,LOC_NAME,鶴か岡の城下;M003,11:23,UNCERTAIN,長山氏重行といふものの家
36	002	佐吉もともに送りぬ	
36	003	川舟にのりて酒田のみなとに下る	M004,0:2,VEHICLE,川舟;M005,6:12,LOC_NAME,酒田のみなと
36	004	淵庵不玉といふくすしのもとをやどとす	M006,14:16,UNCERTAIN,やど
36	005	あづみ山吹浦かけてゆふすずみ	M007,0:4,LOC_NAME,あづみ山
36	006	暑日を海に入たりもがみ川	M008,3:4,LOC_NOM,海;M009,8:12,LINE_NAME,もがみ川
37	001	江山水陸の風光數をつくして今きさかたに方寸をせめ	M001,14:18,LOC_NAME,きさかた
37	002	酒田のみなとより東北の方山をこへ磯を傳ひ砂をふみて其際十里日影やや傾く頃汐風眞砂をふき上もうろうとして鳥海の山かくる	M002,0:6,LOC_NAME,酒田のみなと;M003,12:13,LOC_NOM,山;M004,16:17,LOC_NOM,磯;M005,51:55,LOC_NAME,鳥海の山
37	003	闇中に莫作して雨も又奇也とせば雨後の晴色又たのもしと蜑のとまやに膝を容て雨のはるるを待つ	M006,26:31,FAC_NOM,蜑のとまや
37	004	その朝そらよく霽れ朝日はなやかにさし出るほどに象潟の渚に舟をうかぶ	M007,23:27,LOC_NAME,象潟の渚;M008,28:29,VEHICLE,舟
37	005	先能因島に舟をよせて三年幽居の跡をとぶらひむかふの岸に舟をあかれば	M009,1:4,LOC_NAME,能因島;M010,5:6,VEHICLE,舟;M011,10:16,FAC_NOM,三年幽居の跡;M012,21:26,LOC_NOM,むかふの岸;M013,27:28,VEHICLE,舟
37	006	花の上こぐ	
37	007	とよまれしさくらの老木西行法師のかたみを殘す	
37	008	江上に御陵あり神功皇宮の御墓といふ	M014,0:2,LOC_NOM,江上;M015,3:5,FAC_NOM,御陵;M016,7:14,UNCERTAIN,神功皇宮の御墓
37	009	寺を干滿珠寺をといふ	M017,2:6,FAC_NAME,干滿珠寺
37	010	此ところに行幸ありし事いまだ聞かず	M018,0:4,UNCERTAIN,此ところ
37	011	いかなる事にや	
37	012	此寺の方丈に座して簾を捲ば風景一眼の中に盡て南に鳥海天をささへ其蔭うつりて江にあり	M019,0:2,UNCERTAIN,此寺;M020,24:26,LOC_NAME,鳥海;M021,37:38,LOC_NOM,江
37	013	西はむやむやの關路をかぎり東に堤を築て秋田にかよふ道遙に海北に構へて浪うち入る所を汐こしといふ	M022,2:9,LOC_NAME,むやむやの關路;M023,15:16,FAC_NOM,堤;M024,19:21,LOC_NAME,秋田;M025,25:26,LINE_NOM,道;M026,34:40,LOC_NOM,浪うち入る所;M027,41:44,LOC_NAME,汐こし
37	014	江の縱橫一里ばかり俤松島にかよひてまたことなり	M028,0:1,LOC_NOM,江;M029,10:12,LOC_NAME,松島
37	015	松島は笑ふが如く象潟はうらむるがごとし	M030,0:2,LOC_NAME,松島;M031,8:10,LOC_NAME,象潟
37	016	寂しさに悲しみを加へて地勢魄をなやますに似たり	
37	017	象潟や雨に西施がねぶのはな	M032,0:2,LOC_NAME,象潟
37	018	汐越や鶴脛ぬれて海涼し	M033,0:2,LOC_NAME,汐越
37	019	象がたや料理何くふ神祭	M034,0:3,LOC_NAME,象がた
37	020	曾良	
37	021	蜑の家や戶板を敷て夕すずみ	M035,0:3,FAC_NOM,蜑の家
37	022	みのの商人	
37	023	岩上にみさこの巢を見る	
37	024	浪こへぬ契ありてや雎鳩のす	
37	025	曾良	
38	001	酒田の名殘日をかさねて北陸道の雲にのぞむ	M001,0:2,LOC_NAME,酒田;M002,11:14,LINE_NAME,北陸道
38	002	遙遙のおもひ胸をいたましめて加賀の府まで百卅里ときく	M003,14:18,LOC_NAME,加賀の府
38	003	鼠の關をこゆれば越後の地に步行を改めて越中の國一ぶりの關にいたる	M004,0:3,LOC_NAME,鼠の關;M005,8:12,LOC_NAME,越後の地;M006,19:28,LOC_NAME,越中の國一ぶりの關
38	004	此間九日暑濕の勞に神をなやまし病發りて事を記さず	
38	005	文月や六日も常の夜には似ず	
38	006	あら海や佐渡に橫たふ天河	M007,0:3,LOC_NOM,あら海;M008,4:6,LOC_NAME,佐渡
39	001	今日は親不知子知らず犬もとり駒返しなどいふ北國一の難所をこえてつかれ侍れば枕引よせてねたるに一間へだてて西の方に若き女の聲二人ばかりと聞ゆ	M001,3:6,LOC_NAME,親不知;M002,6:10,LOC_NAME,子知らず;M003,10:14,LOC_NAME,犬もとり;M004,14:17,LOC_NAME,駒返し;M005,21:27,UNCERTAIN,北國一の難所;M006,52:55,LOC_NOM,西の方
39	002	年よりたる男の聲も交りて物語するをきけば越後國新潟といふ處の遊女なりしいせ參宮するとて此關まで男の送りてあすは古鄕にかへす文したためてはかなき言傳などしやる也	M007,20:29,LOC_NAME,越後國新潟といふ處;M008,35:37,FAC_NAME,いせ;M009,43:45,UNCERTAIN,此關;M010,55:57,LOC_NOM,古鄕
39	003	白波のよする渚に身をはふらかしあまのこの世を淺ましう下りて定めなき契日日の業因いかにつたなし	M011,18:21,UNCERTAIN,この世
39	004	と物いふをききききねいりて朝たび立に我らにむかひて	
39	005	行衞しらぬ旅路のうさ餘り覺束なうかなしく侍れば見へがくれにも御跡をしたひ侍ん	
39	006	衣のうへの御情に大悲のめぐみをたれて結緣せさせ給へ	
39	007	と泪を落す	
39	008	不便の事には侍れども	
39	009	我らは所所にてとまるかた多し	
39	010	ただ人の行くにまかせて行くべし	
39	011	神明の加護必ずつつがなかるべし	
39	012	といひすてて出つつ哀さしばらくやまざりけらし	
39	013	一家に遊女も寢たり萩と月	M012,0:2,FAC_NOM,一家
39	014	曾良にかたればかきとどめ侍る	
40	001	くろべ四十八か瀨とかや數しらぬ川をわたりてなごといふ浦に出づ	M001,0:8,LINE_NAME,くろべ四十八か瀨;M002,15:16,UNCERTAIN,川;M003,21:27,LOC_NAME,なごといふ浦
40	002	擔籠の藤浪は春ならずとも秋の哀とふべきものをと人に尋ぬれば	M004,0:2,LOC_NAME,擔籠
40	003	これより五里ばかりつたひしてむかふの山陰に入り蜑の苫ぶき幽かなれば芦の一夜の宿かすものあるまじ	M005,18:20,UNCERTAIN,山陰;M006,23:28,FAC_NOM,蜑の苫ぶき;M007,38:39,UNCERTAIN,宿
40	004	といひをどされて加賀のくにに入る	M008,8:13,LOC_NAME,加賀のくに
40	005	早稻の香や分入道はありそうみ	M009,9:14,LOC_NAME,ありそうみ
41	001	卯花山くりから谷を越て金澤は七月中の五日也	M001,0:3,LOC_NAME,卯花山;M002,3:8,LOC_NAME,くりから谷;M003,11:13,LOC_NAME,金澤
41	002	爰に大坂よりかよふ商人何處といふ者は	M004,0:1,DEICTIC,爰;M005,2:4,LOC_NAME,大坂
41	003	それが旅宿をともにす	M006,3:5,UNCERTAIN,旅宿
41	004	一笑といふもの此道にすける者のほのぼの聞へて世にしる人も待しに去年の冬早世したりとて其兄追善をもよほすに	M007,22:23,UNCERTAIN,世
41	005	塚も動け我泣聲は秋の風	M008,0:1,FAC_NOM,塚
41	006	ある艸庵にいざなはれて	M009,2:4,FAC_NOM,艸庵
41	007	秋凉し手每にむけや瓜茄子	
41	008	途中吟	
41	009	あかあかと日はつれなくも秋の風	
41	010	小松といふ所にて	M010,0:6,LOC_NAME,小松といふ所
41	011	しほらしき名や小松吹萩薄	M011,7:9,LOC_NAME,小松
41	012	此所太田の神社に詣づ	M012,0:2,UNCERTAIN,此所;M013,2:7,FAC_NAME,太田の神社
41	013	さねもりが甲錦の切あり	
41	014	徃昔源氏に屬せし時義朝公よりたまはらせ給ふとかや	
41	015	げにも平氏の物にあらず	
41	016	目庇より吹返しまで菊唐草のほりもの金をちりばめ龍頭に鍬形打たり	
41	017	貞盛討死の後木曾義仲願狀にそへて此社にこめられ侍るよし樋口の次郞が使せし事共まのあたり緣起に見へたり	M014,6:8,UNCERTAIN,木曾
41	018	むざんやな甲の下のきりぎりす	
42	001	山中に行ほど白根かだけあとに見なして步む	M001,0:2,LOC_NAME,山中;M002,6:11,LOC_NAME,白根かだけ
42	002	左の山ぎはに觀音堂あり	M003,0:5,LOC_NOM,左の山ぎは;M004,6:9,FAC_NOM,觀音堂
42	003	花山法皇三十三所の順禮とげさせ給ひて後大慈大悲の像を安置し給ひて那谷と名付給ふと也	M005,4:8,UNCERTAIN,三十三所;M006,32:34,FAC_NAME,那谷
42	004	那知谷組の二字をわかち侍しとぞ	M007,0:2,LOC_NAME,那知;M008,2:4,LOC_NAME,谷組
42	005	奇石さまざまに古松うへならべて萱ぶきの小堂岩の上につくりかけて殊勝の土地なり	M009,15:21,FAC_NOM,萱ぶきの小堂
42	006	石山の石より白し秋の風	M010,0:2,UNCERTAIN,石山
42	007	溫泉に浴す	M011,0:2,FAC_NOM,溫泉
42	008	其功有馬に次と云	M012,2:4,UNCERTAIN,有馬
42	009	山中や菊はたおらぬ湯の匂	M013,0:2,LOC_NAME,山中
42	010	あるじとするものは久米之助とていまだ小童也	
42	011	彼がいふ俳諧を好て洛の貞室若かりしむかし爰に來し頃風雅に辱しめられて洛に歸て貞德老人の門人と成て世にしらる	M014,9:10,LOC_NOM,洛;M015,20:21,DEICTIC,爰;M016,34:35,LOC_NOM,洛
42	012	功名の後此一村判詞の料をうけずといふ	M017,4:7,UNCERTAIN,此一村
42	013	今更むかしがたりとは成ぬ	
43	001	曾良は腹をいたみていせの國長島といふ所に先立て行くに	M001,9:19,LOC_NAME,いせの國長島といふ所
43	002	行行て倒れふすとも萩の原	
43	003	曾良	
43	004	とかき置たり	
43	005	行くものの悲しみ殘る者のうらみ隻鳧のわかれて雲にまよふがごとし	
43	006	予も又	
43	007	けふよりや書付けさん笠の露	
43	008	大聖寺の城外全昌寺といふ寺に泊る	M002,0:6,LOC_NAME,大聖寺の城外;M003,6:13,FAC_NAME,全昌寺といふ寺
43	009	猶加賀の地也	M004,1:5,LOC_NAME,加賀の地
43	010	曾良も前の夜このてらにとまりて	M005,6:10,UNCERTAIN,このてら
43	011	終夜秋風きくやうらの山	M006,7:11,LOC_NOM,うらの山
43	012	と殘す	
43	013	一夜のへたて千里に同じ	
43	014	われも秋風を聞つつ衆寮に臥せは明ほのの空近う讀經聲すむままに鐘板鳴て食堂に入る	M007,9:11,FAC_NOM,衆寮;M008,34:36,FAC_NOM,食堂
43	015	けふは越前國へと心早卒にして堂下に下るを若き僧ども紙硯をかかへ階の下まで追來る	M009,3:6,LOC_NAME,越前國;M010,14:16,LOC_NOM,堂下;M011,31:34,LOC_NOM,階の下
43	016	折ふし庭中の柳ちれば	
43	017	庭箒て出るや寺にちる柳	M012,0:1,LOC_NOM,庭;M013,6:7,FAC_NOM,寺
43	018	とりあへぬさまして	
44	001	越前の境吉崎の入江を掉さして汐こしの松を尋ぬ	M001,0:9,LOC_NAME,越前の境吉崎の入江;M002,14:19,FAC_NAME,汐こしの松
44	002	よもすがら嵐に波をはこばせて月をはれたる汐こしの松	M003,20:25,FAC_NAME,汐こしの松
44	003	此一首にて數景盡したり	
44	004	もし一辨を加るものは無用の指を立るがごとし	
45	001	丸岡天龍寺の長老古きちなみあれば尋ぬ	M001,0:5,FAC_NAME,丸岡天龍寺
45	002	亦金澤の北枝といふものかりそめに見過て此所までしたひ來る	M002,1:3,LOC_NAME,金澤;M003,19:21,UNCERTAIN,此所
45	003	所所の風景過さず思ひつづけて折ふしあはれ成る作意など聞ゆ	
45	004	今既に別れにのぞみて	
45	005	物かいて扇引さく名殘哉	
45	006	五十町山に入て永平寺を禮す	M004,3:4,LOC_NOM,山;M005,7:10,FAC_NAME,永平寺
45	007	道元禪師の御寺也	M006,5:7,FAC_NOM,御寺
45	008	邦機千里を避てかかる山陰に跡をのこし給ふも貴きゆへありとかや	M007,0:2,LOC_NOM,邦機;M008,7:12,UNCERTAIN,かかる山陰
46	001	福井は三里許なれば夕飯したためて出るにたそがれの路たどたどし	M001,0:2,LOC_NAME,福井;M002,24:25,UNCERTAIN,路
46	002	爰に等栽といふ古き隱士有り	M003,0:1,DEICTIC,爰
46	003	いづれの年にか江戶に來て予を尋は遙十とせあまり也	M004,7:9,LOC_NAME,江戶
46	004	いかに老さらぼひて有るにや將死けるにやと人に尋ね侍れば	
46	005	いまだ存命してそこそこ	
46	006	とおしふ	
46	007	市中ひそかに引入りてあやしの小家に夕顏へちまのはへかかりて鷄頭箒木に扉をかくす	M005,0:2,LOC_NOM,市中;M006,10:16,FAC_NOM,あやしの小家
46	008	扨は此うちにこそ	M007,2:5,UNCERTAIN,此うち
46	009	と門を扣けば侘しげなる女の出て	
46	010	いづくよりわたり給ふ道心の御坊にや	
46	011	あるじは此あたり何某のもとに行きぬ	M008,4:8,UNCERTAIN,此あたり;M009,8:13,FAC_NOM,何某のもと
46	012	もし用あらば尋給へ	
46	013	といふ	
46	014	かれが妻なるべしとしらる	
46	015	昔物語にこそかかる風情は侍れとやがて尋逢てその家に二夜泊りて名月はつるがのみなとにと旅だつ	M010,21:24,UNCERTAIN,その家;M011,33:40,LOC_NAME,つるがのみなと
46	016	等栽もともに送らんと裾おかしうかかげて路の枝折とうかれたつ	M012,19:20,UNCERTAIN,路
47	001	白根がだけかくれて比那が嵩顯はる	M001,0:5,LOC_NAME,白根がだけ;M002,9:13,LOC_NAME,比那が嵩
47	002	あさむづの橋をわたりて玉江の芦は穗に出にけり	M003,0:6,LINE_NAME,あさむづの橋;M004,11:13,LINE_NAME,玉江
47	003	鶯のせきを越え湯尾峠をこゆれば燧が城歸山に初雁を尋て十四日の夕ぐれつるがの津に宿を求む	M005,0:4,LOC_NAME,鶯のせき;M006,7:10,LOC_NAME,湯尾峠;M007,15:18,LOC_NAME,燧が城;M008,18:20,LOC_NAME,歸山;M009,33:38,LOC_NAME,つるがの津;M010,39:40,UNCERTAIN,宿
47	004	その夜月晴たり	
47	005	明日の夜もかく有るべきにや	
47	006	といへば	
47	007	越路の習猶あすの夜の晴陰はかりがたし	M011,0:2,LINE_NAME,越路
47	008	とあるじに酒すすめられて氣比の明神に夜參す	M012,12:17,FAC_NAME,氣比の明神
47	009	仲哀天皇の御廟なり	M013,0:7,UNCERTAIN,仲哀天皇の御廟
47	010	社頭神さびて松の木の間に月のもり入たるおまへの白砂霜を敷るが如し	M014,0:2,LOC_NOM,社頭
47	011	そのかみ遊行二世の上人大願發起の事ありてみづから艸を刈り土石を荷へ泥濘をかはかせて參詣往來の煩なし	
47	012	古例今にたへず神前に眞砂を荷ひ給ふ	
47	013	これを遊行の砂持と申侍る	
47	014	と亭にて	
47	015	月淸し遊行のもてる砂の上	
47	016	十五日亭主のことばにたがはす雨降る	
47	017	名月や北國日和さだめなき	M015,3:5,UNCERTAIN,北國
48	001	十六日空晴たればますほの小貝ひろはんと種の濱に舟を走らす	M001,19:22,LOC_NAME,種の濱;M002,23:24,VEHICLE,舟
48	002	海上七里有り	
48	003	天屋何某といふもの破籠小竹筒などこまやかにしたためさせ僕あまた舟に取のせて追風時の間に吹つけぬ	M003,31:32,VEHICLE,舟
48	004	濱はわづかなる蜑の小家にて侘しき法花寺有り	M004,0:1,LOC_NOM,濱;M005,7:11,FAC_NOM,蜑の小家;M006,16:19,FAC_NOM,法花寺
48	005	ここに茶をのみ酒を煖めて夕昏の淋しき感にたへたり	M007,0:2,DEICTIC,ここ
48	006	寂しさや須磨に勝たる濱の秋	M008,4:6,LOC_NAME,須磨;M009,10:11,LOC_NOM,濱
48	007	浪の間や小貝もまじる萩の塵	
48	008	其日の有まし等栽に筆とらせて寺にのこす	M010,14:15,FAC_NOM,寺
49	001	路通も此みなとまで出むかひてみのの國へと伴なふ	M001,3:7,UNCERTAIN,此みなと;M002,14:18,LOC_NAME,みのの國
49	002	駒にたすけられて大垣の庄に入れば曾良も伊勢より來り合ひ越人も馬をはせて如行が家に入りあつまる	M003,0:1,VEHICLE,駒;M004,8:12,LOC_NAME,大垣の庄;M005,19:21,LOC_NAME,伊勢;M006,30:31,VEHICLE,馬;M007,35:39,UNCERTAIN,如行が家
49	003	前川子荊口父子その外したしき人人とぶらひて蘇生の者に逢ふがごとく且悅び且いたはる	
49	004	旅のものうさもいまだやまざるに長月六日になれば伊勢の遷宮拜まんとまた舟にのりて	M008,23:25,FAC_NAME,伊勢;M009,34:35,VEHICLE,舟
49	005	蛤のふた見にわかれ行秋ぞ	M010,2:5,UNCERTAIN,ふた見
